a;b;c;d;e;f;g;h;i;l;m;n;ax;bx;cx;dx;ex;fx;gx;hx;ix;lx;mx;nx;
1;1;0.41634615384615387;0.5163461538461539;0.6048076923076923;0.48846153846153845;0.5807692307692308;0;0.26826923076923076;0.26346153846153847;0.3278846153846154;0.33365384615384613;0.30288461538461536;1;0.28620689655172415;0.5362068965517242;0.4086206896551724;0.3810344827586207;0.5;0;0.4241379310344828;0.25689655172413794;0.55;0.4396551724137931;0.36379310344827587
2;0.5040745052386496;1;0.38882421420256114;0.540162980209546;0.5052386495925495;0.47497089639115253;0.28637951105937137;0;0.3562281722933644;0.3538998835855646;0.3958090803259604;0.3981373690337602;0.28135593220338984;1;0.3610169491525424;0.3;0.37966101694915255;0.4033898305084746;0.4728813559322034;0;0.4016949152542373;0.6033898305084746;0.5542372881355933;0.45084745762711864
3;0.6446578631452581;0.4009603841536615;1;0.6614645858343338;0.4921968787515006;0.5222088835534213;0.1788715486194478;0.2845138055222089;0;0.22328931572629052;0.33013205282112845;0.41536614645858344;0.4185733512786003;0.28667563930013457;1;0.4629878869448183;0.3445491251682369;0.41318977119784656;0.36877523553162855;0.41184387617765816;0;0.44818304172274565;0.4737550471063257;0.4979811574697174
4;0.5503062117235346;0.40594925634295714;0.4820647419072616;1;0.4925634295713036;0.5450568678915135;0.279090113735783;0.3114610673665792;0.29133858267716534;0;0.34995625546806647;0.3394575678040245;0.34852941176470587;0.26029411764705884;0.5058823529411764;1;0.34705882352941175;0.46911764705882353;0.5014705882352941;0.4470588235294118;0.2735294117647059;0;0.47352941176470587;0.3926470588235294
5;0.5152129817444219;0.44016227180527384;0.4158215010141988;0.5709939148073022;1;0.47058823529411764;0.25862068965517243;0.3316430020283976;0.35699797160243407;0.3265720081135903;0;0.4056795131845842;0.3103932584269663;0.3146067415730337;0.3595505617977528;0.33146067415730335;1;0.37359550561797755;0.48735955056179775;0.47752808988764045;0.3862359550561798;0.5617977528089888;0;0.4803370786516854
6;0.6107178968655207;0.41253791708796766;0.4398382204246714;0.6299292214357938;0.4691607684529828;1;0.21334681496461072;0.268958543983822;0.3741152679474216;0.2699696663296259;0.34580384226491406;0;0.36942675159235666;0.30318471337579617;0.3910828025477707;0.4063694267515924;0.33885350318471336;1;0.4012738853503185;0.4356687898089172;0.4407643312101911;0.4942675159235669;0.5095541401273885;0