a;b;c;d;e;f;g;h;i;l;m;n;ax;bx;cx;dx;ex;fx;gx;hx;ix;lx;mx;nx;
1;1;0.32718014003819224;0.5951623169955442;0.9770846594525779;0.33227243793761935;0.5709739019732655;0;0.354551241247613;0.2743475493316359;0;0.33736473583704646;0.2743475493316359;1;0;1;0.5769230769230769;0;0.8509615384615384;0;1;0;0;1;0
2;0.545068928950159;1;0.2725344644750795;0.5334040296924708;0.9300106044538706;0.23435843054082714;0.2205726405090138;0;0.6426299045599152;0.23223753976670203;0;0.5662778366914104;0;1;0.21543985637342908;0;0.7953321364452424;0.22082585278276481;1;0;0.5601436265709157;1;0;0.5565529622980251
3;0.9852476290832455;0.2708113804004215;1;0.9631190727081138;0.27291886195995785;0.928345626975764;0;0.3287671232876712;0;0;0.3076923076923077;0;0.2458628841607565;0.14184397163120568;1;0.25886524822695034;0.13356973995271867;0.8841607565011821;0.5094562647754137;0.7163120567375887;0;0.5212765957446809;0.723404255319149;0
4;0.9839743589743589;0.32243589743589746;0.5858974358974359;1;0.32756410256410257;0.5692307692307692;0;0.35705128205128206;0.2826923076923077;0;0.33974358974358976;0.2826923076923077;0.547945205479452;0;1;1;0;0.8264840182648402;0;1;0;0;1;0
5;0.5488958990536278;0.9221871713985279;0.2723449001051525;0.53732912723449;1;0.23449001051524712;0.21871713985278654;0;0.6435331230283912;0.2302839116719243;0;0.5678233438485805;0;0.8358490566037736;0.21320754716981133;0;1;0.2188679245283019;1;0;0.5509433962264151;1;0;0.5471698113207547
6;0.9846322722283205;0.24259055982436883;0.9670691547749726;0.9747530186608123;0.24478594950603733;1;0;0.3402854006586169;0;0;0.31833150384193193;0;0.2277992277992278;0.1583011583011583;0.9626769626769627;0.23294723294723294;0.1492921492921493;1;0.5546975546975547;0.6872586872586872;0;0.5675675675675675;0.694980694980695;0
