a;b;c;d;e;f;g;h;i;l;m;n;ax;bx;cx;dx;ex;fx;gx;hx;ix;lx;mx;nx;
6;0.6693961105424769;0.4002047082906858;0.46366427840327534;0.6161719549641761;0.49437052200614123;1;0.18935516888433981;0.27635619242579323;0.3490276356192426;0.2804503582395087;0.3285568065506653;0;0.36702767749699156;0.309265944645006;0.43922984356197353;0.4091456077015644;0.39229843561973526;1;0.37906137184115524;0.457280385078219;0.4151624548736462;0.47653429602888087;0.48014440433212996;0
1;1;0.41334569045412417;0.505097312326228;0.603336422613531;0.5041705282669138;0.6061167747914736;0;0.29101019462465244;0.28637627432808155;0.32252085264133457;0.3253012048192771;0.2919369786839666;1;0.2916666666666667;0.5217391304347826;0.39311594202898553;0.40217391304347827;0.552536231884058;0;0.4365942028985507;0.2463768115942029;0.5670289855072463;0.4583333333333333;0.3351449275362319
2;0.5144175317185697;1;0.3817762399077278;0.5363321799307958;0.5305651672433679;0.45098039215686275;0.2779700115340254;0;0.4013840830449827;0.35986159169550175;0.39215686274509803;0.43829296424452135;0.26611570247933886;1;0.3586776859504132;0.32066115702479336;0.3768595041322314;0.42479338842975206;0.5190082644628099;0;0.3669421487603306;0.5619834710743802;0.5553719008264463;0.4462809917355372
3;0.6480380499405469;0.3935790725326992;1;0.6456599286563615;0.48989298454221164;0.5386444708680143;0.16171224732461356;0.26397146254458975;0;0.24613555291319858;0.3162901307966706;0.4102259215219976;0.380449141347424;0.2866578599735799;1;0.4610303830911493;0.3712021136063408;0.4821664464993395;0.4081902245706737;0.45970937912813736;0;0.4319682959048877;0.5006605019815059;0.45046235138705415
4;0.5807314897413024;0.41480820695807313;0.48438893844781444;1;0.4915254237288136;0.5370205173951829;0.2792149866190901;0.3033006244424621;0.29170383586083853;0;0.33541480820695807;0.35325602140945583;0.31771595900439237;0.2840409956076135;0.5109809663250366;1;0.37481698389458273;0.4978038067349927;0.5095168374816984;0.4568081991215227;0.30307467057101023;0;0.5007320644216691;0.4011713030746706
5;0.5418326693227091;0.4581673306772908;0.4103585657370518;0.548804780876494;1;0.4810756972111554;0.25199203187250996;0.3346613545816733;0.37749003984063745;0.34063745019920316;0;0.39741035856573703;0.30962343096234307;0.3179916317991632;0.39191073919107394;0.35704323570432356;1;0.45467224546722457;0.4895397489539749;0.47419804741980476;0.37099023709902373;0.5244072524407253;0;0.4476987447698745
