a;b;c;d;e;f;g;h;i;l;m;n;ax;bx;cx;dx;ex;fx;gx;hx;ix;lx;mx;nx;
1;1;0.42884990253411304;0.48830409356725146;0.6169590643274854;0.4853801169590643;0.5701754385964912;0;0.26608187134502925;0.29142300194931775;0.32943469785575047;0.34405458089668617;0.31871345029239767;1;0.29931972789115646;0.5391156462585034;0.3792517006802721;0.3622448979591837;0.5119047619047619;0;0.4268707482993197;0.23809523809523808;0.5510204081632653;0.4880952380952381;0.38095238095238093
2;0.497737556561086;1;0.3733031674208145;0.5599547511312217;0.5271493212669683;0.43891402714932126;0.2839366515837104;0;0.38800904977375567;0.333710407239819;0.40158371040723984;0.4253393665158371;0.30085470085470084;1;0.40341880341880343;0.3487179487179487;0.40854700854700854;0.4153846153846154;0.4666666666666667;0;0.3452991452991453;0.5230769230769231;0.5076923076923077;0.48205128205128206
3;0.6325757575757576;0.4166666666666667;1;0.6527777777777778;0.48863636363636365;0.5214646464646465;0.17676767676767677;0.255050505050505;0;0.24242424242424243;0.32323232323232326;0.41792929292929293;0.40075853350189633;0.29835651074589126;1;0.44627054361567636;0.3919089759797724;0.44121365360303416;0.3780025284450063;0.4336283185840708;0;0.46017699115044247;0.47661188369152974;0.47661188369152974
4;0.5616681455190772;0.4392191659272405;0.4587400177462289;1;0.49600709849157054;0.5350488021295474;0.28748890860692106;0.27151730257320317;0.32298136645962733;0;0.33717834960070986;0.354924578527063;0.3250728862973761;0.29737609329446063;0.5145772594752187;1;0.39941690962099125;0.4970845481049563;0.49271137026239065;0.43002915451895046;0.27988338192419826;0;0.478134110787172;0.3877551020408163
5;0.49899799599198397;0.46693386773547096;0.3877755511022044;0.5601202404809619;1;0.45390781563126253;0.2875751503006012;0.29759519038076154;0.3777555110220441;0.3286573146292585;0;0.4218436873747495;0.29178082191780824;0.3273972602739726;0.4246575342465753;0.37534246575342467;1;0.4095890410958904;0.48356164383561645;0.4863013698630137;0.3506849315068493;0.5205479452054794;0;0.4821917808219178
6;0.6018518518518519;0.3991769547325103;0.42489711934156377;0.6203703703703703;0.4660493827160494;1;0.23045267489711935;0.29012345679012347;0.38786008230452673;0.2736625514403292;0.36213991769547327;0;0.36484848484848487;0.29454545454545455;0.42303030303030303;0.41333333333333333;0.3624242424242424;1;0.39636363636363636;0.45575757575757575;0.4012121212121212;0.48484848484848486;0.5103030303030303;0