a;b;c;d;e;f;g;h;i;l;m;n;ax;bx;cx;dx;ex;fx;gx;hx;ix;lx;mx;nx;
1;1,0.416023166023166,0.5241312741312741,0.582046332046332,0.4864864864864865,0.5762548262548263;0,0.3001930501930502,0.2635135135135135,0.3407335907335907,0.37065637065637064,0.31756756756756754;1,0.29983525535420097,0.5453047775947282,0.3970345963756178,0.33278418451400327,0.5172981878088962;0,0.4184514003294893,0.2487644151565074,0.5485996705107083,0.5107084019769358,0.35584843492586493
2;0.5005807200929152,1,0.3879210220673635,0.554006968641115,0.5447154471544715,0.45760743321718933;0.29500580720092917,0,0.3914053426248548,0.3228803716608595,0.3867595818815331,0.42044134727061555;0.2959349593495935,1,0.359349593495935,0.3544715447154472,0.3821138211382114,0.4032520325203252;0.5056910569105691,0,0.4065040650406504,0.5317073170731708,0.5479674796747968,0.4634146341463415
3;0.6534296028880866,0.4019253910950662,1,0.6450060168471721,0.4825511432009627,0.5523465703971119;0.18170878459687123,0.3008423586040915,0,0.2322503008423586,0.35980746089049337,0.3850782190132371;0.4265463917525773,0.2847938144329897,1,0.48195876288659795,0.3556701030927835,0.48195876288659795;0.35180412371134023,0.43427835051546393,0,0.4059278350515464,0.509020618556701,0.44072164948453607
4;0.5532110091743119,0.43761467889908257,0.4917431192660551,1,0.481651376146789,0.5284403669724771;0.3055045871559633,0.3,0.2889908256880734,0,0.3743119266055046,0.3541284403669725;0.3433048433048433,0.31054131054131057,0.5327635327635327,1,0.33903133903133903,0.47863247863247865;0.5028490028490028,0.396011396011396,0.27492877492877493,0,0.5156695156695157,0.4045584045584046
5;0.49950445986124875,0.464816650148662,0.39742319127849357,0.5203171456888008,1,0.464816650148662;0.3072348860257681,0.333994053518335,0.3914767096134787,0.3587710604558969,0,0.42021803766105054;0.27595628415300544,0.32103825136612024,0.3770491803278688,0.3251366120218579,1,0.39207650273224043;0.5245901639344263,0.45491803278688525,0.40846994535519127,0.5573770491803278,0,0.47950819672131145
6;0.6123076923076923,0.4041025641025641,0.4707692307692308,0.5907692307692308,0.48102564102564105,1;0.22153846153846155,0.2923076923076923,0.3507692307692308,0.29128205128205126,0.36,0;0.3852760736196319,0.3042944785276074,0.4588957055214724,0.41226993865030676,0.3521472392638037,1;0.403680981595092,0.4441717791411043,0.39263803680981596,0.4736196319018405,0.5202453987730061,0

