a;b;c;d;e;f;g;h;i;l;m;n;ax;bx;cx;dx;ex;fx;gx;hx;ix;lx;mx;nx;
1;1;0.4288443170964661;0.5167144221585482;0.5998089780324737;0.4995224450811843;0.5759312320916905;0;0.3008595988538682;0.271251193887297;0.31900668576886343;0.34097421203438394;0.3228271251193887;1;0.3264150943396226;0.5377358490566038;0.39433962264150946;0.37735849056603776;0.5283018867924528;0;0.3905660377358491;0.25660377358490566;0.5471698113207547;0.4811320754716981;0.32452830188679244
2;0.5137299771167048;1;0.391304347826087;0.5480549199084668;0.5480549199084668;0.4897025171624714;0.23684210526315788;0;0.37871853546910755;0.3306636155606407;0.36041189931350115;0.3878718535469107;0.2737341772151899;1;0.37341772151898733;0.34177215189873417;0.37816455696202533;0.40348101265822783;0.49841772151898733;0;0.3876582278481013;0.5474683544303798;0.5506329113924051;0.46360759493670883
3;0.6409952606635071;0.4052132701421801;1;0.6374407582938388;0.4976303317535545;0.5355450236966824;0.16113744075829384;0.2902843601895735;0;0.235781990521327;0.3281990521327014;0.4075829383886256;0.37898936170212766;0.31382978723404253;1;0.45345744680851063;0.37101063829787234;0.45478723404255317;0.3776595744680851;0.4401595744680851;0;0.4242021276595745;0.4920212765957447;0.4640957446808511
4;0.5657657657657658;0.4315315315315315;0.4846846846846847;1;0.5135135135135135;0.527927927927928;0.26126126126126126;0.3117117117117117;0.2873873873873874;0;0.33513513513513515;0.35765765765765767;0.31008902077151335;0.32047477744807124;0.5059347181008902;1;0.37388724035608306;0.4688427299703264;0.49554896142433236;0.4287833827893175;0.2952522255192878;0;0.47774480712166173;0.4065281899109792
5;0.5117416829745597;0.46868884540117417;0.410958904109589;0.5577299412915852;1;0.49217221135029354;0.24951076320939333;0.3405088062622309;0.36203522504892366;0.3150684931506849;0;0.3796477495107632;0.28169014084507044;0.33661971830985915;0.3929577464788732;0.35492957746478876;1;0.4140845070422535;0.5028169014084507;0.44366197183098594;0.3901408450704225;0.523943661971831;0;0.4732394366197183
6;0.6115618661257607;0.4340770791075051;0.45841784989858014;0.5943204868154158;0.5101419878296146;1;0.1744421906693712;0.2971602434077079;0.3539553752535497;0.2778904665314402;0.3407707910750507;0;0.34869240348692404;0.3175591531755915;0.4259028642590286;0.39352428393524286;0.36612702366127026;1;0.42092154420921546;0.42216687422166876;0.42839352428393523;0.4943960149439601;0.48318804483188044;0
