a;b;c;d;e;f;g;h;i;l;m;n;ax;bx;cx;dx;ex;fx;gx;hx;ix;lx;mx;nx;
1;1;0.32333767926988266;0.5938722294654498;0.970013037809648;0.32073011734028684;0.5782268578878749;0;0.35528031290743156;0.2653194263363755;0;0.3513689700130378;0.2711864406779661;1;0;1;0.5603448275862069;0;0.8491379310344828;0;1;0;0;1;0
2;0.5155925155925156;1;0.25363825363825365;0.49480249480249483;0.918918918918919;0.23492723492723494;0.24116424116424118;0;0.6621621621621622;0.2515592515592516;0;0.5977130977130977;0;1;0.1944954128440367;0;0.8477064220183487;0.1871559633027523;1;0;0.5577981651376147;1;0;0.5467889908256881
3;0.9806243272335845;0.26264800861141013;1;0.9558665231431647;0.2658772874058127;0.9311087190527448;0;0.32723358449946177;0;0;0.32508073196986004;0;0.27134502923976606;0.1239766081871345;1;0.2830409356725146;0.11929824561403508;0.8771929824561403;0.4760233918128655;0.7450292397660818;0;0.47953216374269003;0.7368421052631579;0
4;0.9828269484808454;0.3143989431968296;0.5865257595772787;1;0.31175693527080584;0.5812417437252312;0;0.35997357992073975;0.27080581241743723;0;0.3560105680317041;0.2767503302509908;0.5371900826446281;0;1;1;0;0.8347107438016529;0;1;0;0;1;0
5;0.5135699373695198;0.9227557411273486;0.2578288100208768;0.49269311064718163;1;0.23903966597077245;0.24217118997912318;0;0.6576200417536534;0.25260960334029225;0;0.592901878914405;0;0.8571428571428571;0.18923933209647495;0;1;0.18181818181818182;1;0;0.5602968460111317;1;0;0.549165120593692
6;0.980110497237569;0.24972375690607734;0.9558011049723757;0.9723756906077348;0.25303867403314917;1;0;0.3292817679558011;0;0;0.3270718232044199;0;0.24968314321926488;0.12927756653992395;0.9505703422053232;0.25602027883396705;0.12420785804816223;1;0.5272496831432193;0.7287705956907478;0;0.5310519645120405;0.7198986058301647;0