a;b;c;d;e;f;g;h;i;l;m;n;ax;bx;cx;dx;ex;fx;gx;hx;ix;lx;mx;nx;
1;1;0.4146576663452266;0.5265188042430087;0.5911282545805208;0.5091610414657667;0.5544840887174542;0;0.2777242044358727;0.26325940212150434;0.32690453230472516;0.33847637415621984;0.3365477338476374;1;0.2692967409948542;0.5300171526586621;0.4236706689536878;0.3584905660377358;0.5060034305317325;0;0.451114922813036;0.2538593481989708;0.5420240137221269;0.4751286449399657;0.3344768439108062
2;0.48152295632698766;1;0.3964165733482643;0.5240761478163494;0.5330347144456887;0.45128779395296753;0.2945128779395297;0;0.36058230683090703;0.3650615901455767;0.39529675251959684;0.41993281075027994;0.2744755244755245;1;0.3706293706293706;0.35664335664335667;0.3951048951048951;0.4090909090909091;0.5034965034965035;0;0.38636363636363635;0.534965034965035;0.5244755244755245;0.45104895104895104
3;0.6415981198589894;0.41598119858989424;1;0.6286721504112809;0.48531139835487663;0.5323149236192715;0.17391304347826086;0.2596944770857814;0;0.25851938895417154;0.34782608695652173;0.40658049353701525;0.42155525238744884;0.2892223738062756;1;0.48021828103683495;0.3615279672578445;0.4433833560709413;0.37244201909959074;0.4392905866302865;0;0.4120054570259209;0.4870395634379263;0.47203274215552526
4;0.5649769585253456;0.4313364055299539;0.4930875576036866;1;0.5078341013824885;0.5207373271889401;0.2912442396313364;0.2820276497695853;0.2783410138248848;0;0.34654377880184334;0.35207373271889403;0.34305555555555556;0.2833333333333333;0.4888888888888889;1;0.3680555555555556;0.49166666666666664;0.4708333333333333;0.4527777777777778;0.3055555555555556;0;0.4861111111111111;0.38472222222222224
5;0.5207100591715976;0.46942800788954636;0.4072978303747535;0.5433925049309665;1;0.46942800788954636;0.27317554240631164;0.2958579881656805;0.3520710059171598;0.34516765285996054;0;0.39349112426035504;0.28907330567081607;0.31258644536652835;0.3665283540802213;0.3665283540802213;1;0.4107883817427386;0.4854771784232365;0.48824343015214383;0.4094052558782849;0.5200553250345782;0;0.46749654218533887
6;0.6014644351464435;0.4215481171548117;0.47384937238493724;0.5910041841004184;0.497907949790795;1;0.20397489539748953;0.2698744769874477;0.3619246861924686;0.2897489539748954;0.35355648535564854;0;0.36107711138310894;0.2864137086903305;0.397796817625459;0.43329253365973075;0.3635250917992656;1;0.42717258261933905;0.4589963280293758;0.423500611995104;0.4675642594859241;0.4883720930232558;0