a;b;c;d;e;f;g;h;i;l;m;n;ax;bx;cx;dx;ex;fx;gx;hx;ix;lx;mx;nx;
1;1,0.4170403587443946,0.5228699551569507,0.610762331838565,0.4663677130044843,0.5946188340807175;0,0.2771300448430493,0.24753363228699551,0.31569506726457397,0.37668161434977576,0.28161434977578476;1,0.28066914498141265,0.5464684014869888,0.3736059479553903,0.3308550185873606,0.5148698884758365;0,0.4368029739776952,0.25464684014869887,0.5780669144981413,0.5111524163568774,0.36988847583643125
2;0.5183946488294314,1,0.40468227424749165,0.5484949832775919,0.5228539576365663,0.5005574136008919;0.26198439241917504,0,0.3377926421404682,0.33890746934225197,0.3857302118171683,0.3879598662207358;0.26631393298059963,1,0.35802469135802467,0.3421516754850088,0.37742504409171074,0.3897707231040564;0.544973544973545,0,0.4091710758377425,0.5361552028218695,0.544973544973545,0.47619047619047616
3;0.6802800466744457,0.4235705950991832,1,0.6242707117852976,0.46674445740956827,0.5822637106184364;0.15985997666277713,0.2707117852975496,0,0.2485414235705951,0.35355892648774795,0.352392065344224;0.4117647058823529,0.28431372549019607,1,0.42997198879551823,0.3599439775910364,0.453781512605042;0.3865546218487395,0.42436974789915966,0,0.4579831932773109,0.49019607843137253,0.47198879551820727
4;0.6058718861209964,0.4377224199288256,0.47597864768683273,1,0.46886120996441283,0.5658362989323843;0.27669039145907476,0.2704626334519573,0.29092526690391457,0,0.3638790035587189,0.3140569395017794;0.3004484304932735,0.28998505231689087,0.4588938714499253,1,0.3542600896860987,0.46038863976083705;0.5261584454409567,0.45440956651718983,0.3183856502242152,0,0.5127055306427504,0.4170403587443946
5;0.5268490374873354,0.475177304964539,0.40526849037487334,0.5339412360688957,1,0.48936170212765956;0.2786220871327254,0.3130699088145897,0.3546099290780142,0.3475177304964539,0,0.39209726443769;0.2418478260869565,0.2907608695652174,0.3491847826086957,0.3220108695652174,1,0.3451086956521739;0.5706521739130435,0.4701086956521739,0.4116847826086957,0.5557065217391305,0,0.5190217391304348
6;0.6474609375,0.4384765625,0.4873046875,0.62109375,0.4716796875,1;0.1943359375,0.263671875,0.3291015625,0.2724609375,0.373046875,0;0.36495388669301715,0.29117259552042163,0.4268774703557312,0.4057971014492754,0.3346508563899868,1;0.4137022397891963,0.45849802371541504,0.39789196310935443,0.4650856389986825,0.5098814229249012,0
