a;b;c;d;e;f;g;h;i;l;m;n;ax;bx;cx;dx;ex;fx;gx;hx;ix;lx;mx;nx;
1;1;0.40904806786050896;0.5155513666352498;0.6192271442035815;0.5032987747408105;0.5739868049010367;0;0.30442978322337416;0.2780395852968897;0.30442978322337416;0.35061262959472195;0.32516493873704055;1;0.2694394213381555;0.5479204339963833;0.40687160940325495;0.3345388788426763;0.538878842676311;0;0.40867992766726946;0.23688969258589512;0.5443037974683544;0.49547920433996384;0.352622061482821
2;0.5117924528301887;1;0.40212264150943394;0.5365566037735849;0.5424528301886793;0.4716981132075472;0.2665094339622642;0;0.3738207547169811;0.35023584905660377;0.38089622641509435;0.4186320754716981;0.2418831168831169;1;0.3392857142857143;0.30844155844155846;0.3814935064935065;0.4042207792207792;0.5243506493506493;0;0.4253246753246753;0.5535714285714286;0.5503246753246753;0.48214285714285715
3;0.6427732079905993;0.4007050528789659;1;0.6521739130434783;0.481786133960047;0.5381903642773208;0.15393654524089306;0.3078730904817861;0;0.23266745005875442;0.3654524089306698;0.4101057579318449;0.4050802139037433;0.27941176470588236;1;0.46657754010695185;0.33288770053475936;0.45454545454545453;0.39438502673796794;0.42379679144385024;0;0.43315508021390375;0.5026737967914439;0.4852941176470588
4;0.5866071428571429;0.40625;0.4955357142857143;1;0.49464285714285716;0.5651785714285714;0.26875;0.3044642857142857;0.2892857142857143;0;0.35892857142857143;0.34375;0.33234859675036926;0.28064992614475626;0.5155096011816839;1;0.3308714918759232;0.518463810930576;0.4771048744460857;0.43870014771048743;0.29246676514032494;0;0.5199409158050221;0.35893648449039883
5;0.5266272189349113;0.4536489151873767;0.40433925049309666;0.5463510848126233;1;0.4812623274161736;0.2702169625246548;0.3343195266272189;0.3708086785009862;0.34714003944773175;0;0.40828402366863903;0.2565880721220527;0.3259361997226075;0.34535367545076284;0.3106796116504854;1;0.420249653259362;0.5159500693481276;0.44798890429958393;0.43134535367545074;0.5575589459084604;0;0.478502080443828
6;0.6220633299284984;0.40858018386108275;0.46782431052093976;0.6465781409601634;0.49846782431052095;1;0.19918283963227784;0.30337078651685395;0.3707865168539326;0.24821246169560776;0.35240040858018384;0;0.35645933014354064;0.29784688995215314;0.40669856459330145;0.41985645933014354;0.3624401913875598;1;0.4126794258373206;0.4246411483253589;0.41746411483253587;0.4605263157894737;0.49521531100478466;0