a;b;c;d;e;f;g;h;i;l;m;n;ax;bx;cx;dx;ex;fx;gx;hx;ix;lx;mx;nx;
1;1;0.40913415794481445;0.5556612749762131;0.6241674595623216;0.48430066603235017;0.5851569933396765;0;0.2987630827783064;0.25784966698382494;0.2987630827783064;0.3225499524262607;0.3149381541389153;1;0.2767527675276753;0.533210332103321;0.36900369003690037;0.3339483394833948;0.4833948339483395;0;0.4151291512915129;0.2952029520295203;0.566420664206642;0.477859778597786;0.38191881918819187
2;0.5106888361045131;1;0.4477434679334917;0.5617577197149644;0.5570071258907363;0.47268408551068886;0.2672209026128266;0;0.32066508313539194;0.31235154394299286;0.3503562945368171;0.4026128266033254;0.24671052631578946;1;0.375;0.31414473684210525;0.4095394736842105;0.37335526315789475;0.5164473684210527;0;0.42598684210526316;0.5641447368421053;0.49835526315789475;0.5049342105263158
3;0.6389496717724289;0.412472647702407;1;0.6586433260393874;0.4649890590809628;0.5579868708971554;0.175054704595186;0.2833698030634573;0;0.21663019693654267;0.33698030634573306;0.3785557986870897;0.39697802197802196;0.3131868131868132;1;0.43956043956043955;0.33653846153846156;0.4519230769230769;0.37225274725274726;0.3708791208791209;0;0.46153846153846156;0.5054945054945055;0.47527472527472525
4;0.5694444444444444;0.4105902777777778;0.5225694444444444;1;0.4869791666666667;0.5477430555555556;0.2664930555555556;0.2977430555555556;0.2916666666666667;0;0.3333333333333333;0.3472222222222222;0.3105590062111801;0.296583850931677;0.4968944099378882;1;0.36180124223602483;0.43788819875776397;0.48757763975155277;0.4083850931677019;0.30745341614906835;0;0.47360248447204967;0.43167701863354035
5;0.5131048387096774;0.4727822580645161;0.4284274193548387;0.5655241935483871;1;0.4949596774193548;0.2610887096774194;0.30544354838709675;0.3709677419354839;0.3074596774193548;0;0.3860887096774194;0.260431654676259;0.35827338129496406;0.35251798561151076;0.33525179856115106;1;0.40863309352517985;0.48776978417266187;0.4244604316546763;0.44316546762589926;0.5525179856115108;0;0.46618705035971225
6;0.607707509881423;0.3932806324110672;0.5039525691699605;0.6235177865612648;0.4851778656126482;1;0.20454545454545456;0.30335968379446643;0.34189723320158105;0.274703557312253;0.3201581027667984;0;0.334610472541507;0.28991060025542786;0.42017879948914433;0.36015325670498083;0.36270753512132825;1;0.4227330779054917;0.4329501915708812;0.44189016602809705;0.5108556832694764;0.4891443167305236;0