a;b;c;d;e;f;g;h;i;l;m;n;ax;bx;cx;dx;ex;fx;gx;hx;ix;lx;mx;nx;
1;1;0.3857677902621723;0.5159176029962547;0.6292134831460674;0.48782771535580527;0.5805243445692884;0;0.3136704119850187;0.2631086142322097;0.3155430711610487;0.351123595505618;0.30430711610486894;1;0.2921739130434783;0.48695652173913045;0.36869565217391304;0.3652173913043478;0.5443478260869565;0;0.4052173913043478;0.2852173913043478;0.5652173913043478;0.48;0.32869565217391306
2;0.5080147965474723;1;0.3995067817509248;0.5425400739827374;0.5376078914919852;0.43773119605425403;0.2872996300863132;0;0.33045622688039455;0.34278668310727495;0.3871763255240444;0.43033292231812575;0.26373626373626374;1;0.37676609105180536;0.315541601255887;0.36106750392464676;0.34379905808477235;0.5259026687598116;0;0.3987441130298273;0.5745682888540031;0.5682888540031397;0.521193092621664
3;0.6436915887850467;0.37850467289719625;1;0.6214953271028038;0.4766355140186916;0.5292056074766355;0.19158878504672897;0.2967289719626168;0;0.272196261682243;0.36098130841121495;0.4088785046728972;0.3872752420470263;0.33195020746887965;1;0.43291839557399725;0.343015214384509;0.44951590594744123;0.38865836791147995;0.3706777316735823;0;0.44813278008298757;0.48409405255878285;0.49377593360995853
4;0.588957055214724;0.38562664329535495;0.4662576687116564;1;0.4785276073619632;0.5460122699386503;0.2848378615249781;0.32077125328659073;0.2839614373356705;0;0.3698510078878177;0.33304119193689746;0.31689088191330345;0.3004484304932735;0.4678624813153961;1;0.3213751868460389;0.49327354260089684;0.5037369207772795;0.4155455904334828;0.3482810164424514;0;0.5246636771300448;0.3901345291479821
5;0.5163528245787908;0.4321110009910803;0.4043607532210109;0.5411298315163529;1;0.4796828543111992;0.27353815659068387;0.3587710604558969;0.3468780971258672;0.3478691774033697;0;0.40336967294350845;0.2937062937062937;0.32167832167832167;0.34685314685314683;0.3006993006993007;1;0.37622377622377623;0.5244755244755245;0.43916083916083914;0.43216783216783217;0.5902097902097903;0;0.48671328671328673
6;0.6275303643724697;0.35931174089068824;0.458502024291498;0.6305668016194332;0.4898785425101215;1;0.19129554655870445;0.3360323886639676;0.36133603238866396;0.26417004048583;0.3522267206477733;0;0.39321608040201006;0.2751256281407035;0.4082914572864322;0.41457286432160806;0.3379396984924623;1;0.4082914572864322;0.43844221105527637;0.4396984924623116;0.47738693467336685;0.5113065326633166;0