a;b;c;d;e;f;g;h;i;l;m;n;ax;bx;cx;dx;ex;fx;gx;hx;ix;lx;mx;nx;
1;1;0.4169811320754717;0.5169811320754717;0.6;0.49528301886792453;0.569811320754717;0;0.2952830188679245;0.27547169811320754;0.3339622641509434;0.35;0.3264150943396226;1;0.32437275985663083;0.557347670250896;0.3996415770609319;0.3225806451612903;0.514336917562724;0;0.3870967741935484;0.22939068100358423;0.5394265232974911;0.521505376344086;0.35663082437275984
2;0.5169590643274854;1;0.3649122807017544;0.5497076023391813;0.5578947368421052;0.47017543859649125;0.25263157894736843;0;0.3906432748538012;0.34269005847953216;0.36374269005847953;0.3906432748538012;0.2873015873015873;1;0.3968253968253968;0.3476190476190476;0.35873015873015873;0.40476190476190477;0.49682539682539684;0;0.3825396825396825;0.5428571428571428;0.5571428571428572;0.48412698412698413
3;0.6773794808405439;0.3856613102595797;1;0.6365883807169345;0.4758961681087763;0.5129789864029666;0.15822002472187885;0.2978986402966625;0;0.25710754017305315;0.34857849196538937;0.41903584672435107;0.3992297817715019;0.3209242618741977;1;0.4595635430038511;0.3299101412066752;0.4492939666238768;0.3748395378690629;0.4287548138639281;0;0.4300385109114249;0.5288831835686778;0.4762516046213094
4;0.5771324863883848;0.426497277676951;0.4673321234119782;1;0.5181488203266787;0.530852994555354;0.2731397459165154;0.3103448275862069;0.3039927404718693;0;0.33303085299455537;0.34754990925589835;0.3149717514124294;0.3093220338983051;0.5056497175141242;1;0.346045197740113;0.5056497175141242;0.5;0.4138418079096045;0.2937853107344633;0;0.4957627118644068;0.3884180790960452
5;0.5097087378640777;0.46310679611650485;0.3737864077669903;0.554368932038835;1;0.47572815533980584;0.28252427184466017;0.3407766990291262;0.4;0.3407766990291262;0;0.41359223300970877;0.25936599423631124;0.3256484149855908;0.3703170028818444;0.3530259365994236;1;0.3818443804034582;0.5345821325648416;0.44812680115273773;0.40634005763688763;0.5288184438040345;0;0.4812680115273775
6;0.6188524590163934;0.41188524590163933;0.42520491803278687;0.5993852459016393;0.5020491803278688;1;0.2038934426229508;0.3125;0.3801229508196721;0.2817622950819672;0.3422131147540984;0;0.3521472392638037;0.3128834355828221;0.4294478527607362;0.4392638036809816;0.32515337423312884;1;0.4245398773006135;0.4098159509202454;0.41595092024539876;0.4699386503067485;0.5226993865030675;0