a;b;c;d;e;f;g;h;i;l;m;n;ax;bx;cx;dx;ex;fx;gx;hx;ix;lx;mx;nx;
1;1,0.4036259541984733,0.5200381679389313,0.6173664122137404,0.48377862595419846,0.5763358778625954;0,0.3187022900763359,0.2700381679389313,0.30916030534351147,0.3616412213740458,0.3196564885496183;1,0.28900709219858156,0.5443262411347518,0.3670212765957447,0.3280141843971631,0.5372340425531915;0,0.4024822695035461,0.2730496453900709,0.5780141843971631,0.5,0.3120567375886525
2;0.5035714285714286,1,0.3904761904761905,0.5785714285714286,0.5404761904761904,0.4511904761904762;0.2702380952380952,0,0.375,0.30952380952380953,0.3952380952380952,0.4083333333333333;0.25873015873015875,1,0.3492063492063492,0.3349206349206349,0.373015873015873,0.3952380952380952;0.5301587301587302,0,0.41904761904761906,0.546031746031746,0.5523809523809524,0.4777777777777778
3;0.6322505800464037,0.3805104408352668,1,0.6589327146171694,0.48259860788863107,0.5290023201856149;0.17865429234338748,0.3062645011600928,0,0.21809744779582366,0.35266821345707655,0.4095127610208817;0.4077025232403719,0.2921646746347942,1,0.4448871181938911,0.34395750332005315,0.4701195219123506;0.3758300132802125,0.41832669322709165,0,0.44754316069057104,0.5046480743691899,0.4448871181938911
4;0.5611448395490026,0.4215091066782307,0.49262792714657416,1,0.49956634865568084,0.5255854293148309;0.28274067649609713,0.2983521248915872,0.29228100607111884,0,0.3564614050303556,0.3564614050303556;0.31993817619783615,0.3261205564142195,0.517774343122102,1,0.3384853168469861,0.5038639876352395;0.500772797527048,0.401854714064915,0.29057187017001546,0,0.49768160741885625,0.366306027820711
5;0.5,0.4477317554240631,0.41025641025641024,0.5680473372781065,1,0.46745562130177515;0.2781065088757396,0.3431952662721893,0.3747534516765286,0.3175542406311637,0,0.41025641025641024;0.25910364145658266,0.3291316526610644,0.3627450980392157,0.3067226890756303,1,0.39215686274509803;0.530812324929972,0.4649859943977591,0.4257703081232493,0.5756302521008403,0,0.4733893557422969
6;0.6285119667013528,0.39438085327783556,0.4745057232049948,0.6305931321540063,0.49323621227887615,1;0.18314255983350677,0.31321540062434966,0.3485952133194589,0.24661810613943808,0.3517169614984391,0;0.36996336996337,0.304029304029304,0.43223443223443225,0.398046398046398,0.3418803418803419,1;0.409035409035409,0.4188034188034188,0.43101343101343104,0.5018315018315018,0.5079365079365079,0
