a;b;c;d;e;f;g;h;i;l;m;n;ax;bx;cx;dx;ex;fx;gx;hx;ix;lx;mx;nx;
1;1;0.41642512077294686;0.5362318840579711;0.6048309178743961;0.4888888888888889;0.6077294685990338;0;0.28502415458937197;0.2608695652173913;0.314975845410628;0.33816425120772947;0.30531400966183575;1;0.29635761589403975;0.5215231788079471;0.40397350993377484;0.34271523178807944;0.5149006622516556;0;0.40397350993377484;0.24668874172185432;0.554635761589404;0.5082781456953642;0.3509933774834437
2;0.4982658959537572;1;0.4138728323699422;0.5421965317919075;0.5595375722543353;0.4982658959537572;0.28208092485549136;0;0.3445086705202312;0.33872832369942196;0.37109826589595374;0.4023121387283237;0.29833333333333334;1;0.35833333333333334;0.32666666666666666;0.3883333333333333;0.4083333333333333;0.49166666666666664;0;0.39166666666666666;0.5483333333333333;0.5183333333333333;0.45666666666666667
3;0.6529411764705882;0.4211764705882353;1;0.6447058823529411;0.5;0.5647058823529412;0.17529411764705882;0.27647058823529413;0;0.2388235294117647;0.3211764705882353;0.3941176470588235;0.42857142857142855;0.2925170068027211;1;0.48027210884353744;0.345578231292517;0.4598639455782313;0.3673469387755102;0.4054421768707483;0;0.4217687074829932;0.5061224489795918;0.4639455782312925
4;0.5644724977457168;0.42290351668169524;0.49413886384129846;1;0.49684400360685305;0.5680793507664562;0.30207394048692515;0.29666366095581603;0.2795311091073039;0;0.3417493237150586;0.3246167718665464;0.3536231884057971;0.28405797101449276;0.5115942028985507;1;0.34202898550724636;0.5014492753623189;0.47246376811594204;0.4246376811594203;0.2942028985507246;0;0.5072463768115942;0.39855072463768115
5;0.49656526005888124;0.47497546614327774;0.4170755642787046;0.5407262021589794;1;0.4857703631010795;0.3012757605495584;0.30520117762512267;0.3650637880274779;0.3434739941118744;0;0.4043179587831207;0.29656160458452724;0.333810888252149;0.3638968481375358;0.33810888252148996;1;0.38968481375358166;0.501432664756447;0.45988538681948427;0.39111747851002865;0.5429799426934098;0;0.501432664756447
6;0.6233894945490585;0.4271555996035679;0.4757185332011893;0.624380574826561;0.4905847373637265;1;0.21010901883052527;0.27155599603567887;0.3379583746283449;0.27254707631318137;0.3468780971258672;0;0.38729763387297633;0.30510585305105853;0.42092154420921546;0.43088418430884184;0.33872976338729766;1;0.39352428393524286;0.43337484433374845;0.41718555417185554;0.44831880448318806;0.5130759651307597;0

