a;b;c;d;e;f;g;h;i;l;m;n;ax;bx;cx;dx;ex;fx;gx;hx;ix;lx;mx;nx;
1;1;0.38968481375358166;0.5434574976122254;0.5883476599808978;0.4785100286532951;0.5873925501432665;0;0.3018147086914995;0.2502387774594078;0.3237822349570201;0.3447946513849093;0.31709646609360076;1;0.30286738351254483;0.5591397849462365;0.4229390681003584;0.34408602150537637;0.4982078853046595;0;0.4157706093189964;0.22043010752688172;0.517921146953405;0.48566308243727596;0.35842293906810035
2;0.4862932061978546;1;0.4195470798569726;0.5256257449344458;0.5363528009535161;0.4600715137067938;0.2765196662693683;0;0.3504171632896305;0.3575685339690107;0.3635280095351609;0.4088200238379023;0.26996805111821087;1;0.35782747603833864;0.31309904153354634;0.3865814696485623;0.38498402555910544;0.5047923322683706;0;0.4073482428115016;0.5575079872204473;0.5303514376996805;0.4936102236421725
3;0.6540229885057471;0.4045977011494253;1;0.6264367816091954;0.4827586206896552;0.5195402298850574;0.1413793103448276;0.29310344827586204;0;0.2517241379310345;0.3310344827586207;0.40804597701149425;0.426812585499316;0.3064295485636115;1;0.46785225718194257;0.3543091655266758;0.46238030095759236;0.35841313269493846;0.4021887824897401;0;0.4186046511627907;0.4952120383036936;0.4637482900136799
4;0.5687903970452447;0.407202216066482;0.5032317636195752;1;0.47645429362880887;0.5475530932594644;0.26685133887349954;0.322253000923361;0.28254847645429365;0;0.3490304709141274;0.3333333333333333;0.3376251788268956;0.2804005722460658;0.4892703862660944;1;0.351931330472103;0.4864091559370529;0.48497854077253216;0.4291845493562232;0.3133047210300429;0;0.4949928469241774;0.39341917024320455
5;0.5035175879396985;0.45226130653266333;0.4221105527638191;0.5185929648241207;1;0.4914572864321608;0.2723618090452261;0.3336683417085427;0.36381909547738694;0.34773869346733666;0;0.38894472361809046;0.27080394922425954;0.34132581100141046;0.36530324400564174;0.3469675599435825;1;0.4104372355430183;0.5091678420310296;0.4301833568406206;0.40620592383638926;0.5331452750352609;0;0.45698166431593795
6;0.6262729124236253;0.39307535641547864;0.46028513238289204;0.6038696537678208;0.4979633401221996;1;0.20366598778004075;0.31466395112016293;0.34521384928716903;0.280040733197556;0.329938900203666;0;0.3453416149068323;0.2993788819875776;0.41987577639751555;0.422360248447205;0.36149068322981365;1;0.4124223602484472;0.4260869565217391;0.4409937888198758;0.4484472049689441;0.48074534161490684;0
